0i8a8NEEpjI	Senate of Virginia: Senate Chamber on 2026-03-14 [Finished]	28844
0jOFTqROTiw	Senate of Virginia: Senate Chamber on 2026-01-17 [Finished]	5992
11SmMBeO1C4	Senate of Virginia: Senate Chamber on 2026-04-22 [Finished]	22443
27tbaTagZQU	Senate of Virginia: Senate Chamber on 2026-01-14 [Finished]	31496
3BBdmNcvTr4	Senate of Virginia: Senate Chamber on 2026-06-29 [Finished]	8643
444OI1csMec	Senate of Virginia: Senate Chamber on 2026-03-11 [Finished]	22654
5c2zvNDqrOE	Senate of Virginia: Senate Chamber on 2026-02-18 [Finished]	8846
6aeDRSb8PBU	Senate of Virginia: Senate Chamber on 2026-04-23 [Finished]	10194
C0gpB9L6wf0	Senate of Virginia: Senate Chamber on 2026-02-10 [Finished]	4926
E9amc59j_9k	Senate of Virginia: Senate Chamber on 2026-01-15 [Finished]	8428
EMRTTZn9-co	Senate of Virginia: Senate Chamber on 2026-03-13 [Finished]	35322
Ee4YitR07FY	Senate of Virginia: Senate Chamber on 2026-02-12 [Finished]	9720
FaZbuFkI5m0	Senate of Virginia: Senate Chamber on 2026-01-30 [Finished]	7650
Ft9PWZd2rm8	Senate of Virginia: Senate Chamber on 2026-02-10	8204
Gn1wwtOU6Zg	Senate of Virginia: Senate Chamber on 2026-02-10 [Finished]	4930
HkUtM50hHL8	Senate of Virginia: Senate Chamber on 2026-01-27 [Finished]	10349
JYu9VvuEXPU	Senate of Virginia: Senate Chamber on 2026-03-10 [Finished]	28324
JlOlgIKcJGc	Senate of Virginia: Senate Chamber on 2026-02-11 [Finished]	23024
Mm--Ado_axs	Senate of Virginia: Senate Chamber on 2026-02-26 [Finished]	19875
NyFUfFs-1GQ	Senate of Virginia: Senate Chamber on 2026-01-21 [Finished]	8339
P7TrTswl1eE	Senate of Virginia: Senate Chamber on 2026-03-04 [Finished]	25993
PecKlzGOPWA	Senate of Virginia: Senate Chamber on 2026-02-27 [Finished]	14673
QDaCHsiawek	Senate of Virginia: Senate Chamber on 2026-02-02 [Finished]	7765
Qgzkygfi7WY	Senate of Virginia: Senate Chamber on 2026-03-12 [Finished]	27975
RNHQtfvCdyM	Senate of Virginia: Senate Chamber on 2026-06-22 [Finished]	12226
Rg9Vfdt4I7I	Senate of Virginia: Senate Chamber on 2026-02-24 [Finished]	7055
SQAbeKN_cvc	Senate of Virginia: Senate Chamber on 2026-02-19 [Finished]	11240
TtUrVOw8uVA	Senate of Virginia: Senate Chamber on 2026-01-19 [Finished]	21035
WcJL-8-DhSY	Senate of Virginia: Senate Chamber on 2026-01-29 [Finished]	14058
WsNBDSYfSI0	Senate of Virginia: Senate Chamber on 2026-03-09 [Finished]	11322
X7VsF7zLkBA	Senate of Virginia: Senate Chamber on 2026-01-26 [Finished]	5301
ajVVVk_q82k	Senate of Virginia: Senate Chamber on 2026-03-02 [Finished]	11231
fSH4xvs2SJs	Senate of Virginia: Senate Chamber on 2026-02-04 [Finished]	7092
gzI9g80FQ8w	Senate of Virginia: Senate Chamber on 2026-03-06 [Finished]	7915
hNYjTn9Jgy0	Senate of Virginia: Senate Chamber on 2026-02-09 [Finished]	15966
i5qTBVjP8JM	Senate of Virginia: Senate Chamber on 2026-02-03 [Finished]	10607
iFWYKBmsbpA	Senate of Virginia: Senate Chamber on 2026-03-05 [Finished]	18770
iszW73od1WQ	Senate of Virginia: Senate Chamber on 2026-02-06 [Finished]	10605
j7QY2W3_5PA	Senate of Virginia: Senate Chamber on 2026-02-16 [Finished]	27530
k08kyGDRQHA	Senate of Virginia: Senate Chamber on 2026-02-05 [Finished]	10361
mE-0QVidhYg	Senate of Virginia: Senate Chamber on 2026-02-13 [Finished]	13646
mg2JCdok9-U	Senate of Virginia: Senate Chamber on 2026-03-03 [Finished]	9382
nFlTtp9JI3w	Senate of Virginia: Senate Chamber on 2026-01-28 [Finished]	4728
pmzth3-H23I	Senate of Virginia: Senate Chamber on 2026-01-23 [Finished]	4018
qS37nE3M2W0	Senate of Virginia: Senate Chamber on 2026-01-20 [Finished]	3920
rGxFJmgyyV4	Senate of Virginia: Senate Chamber on 2026-02-23 [Finished]	7310
rH2bPF77jw8	Senate of Virginia: Senate Chamber on 2026-02-25 [Finished]	6359
s0xBNA4TSg4	Senate of Virginia: Senate Chamber on 2026-01-22 [Finished]	5977
wCqajSBP2lM	Senate of Virginia: Senate Chamber on 2026-02-20 [Finished]	7857
wGlJv48_tc0	Senate of Virginia: Senate Chamber on 2026-02-17 [Finished]	18466
whv7tqQEBSI	Senate of Virginia: Senate Chamber on 2026-01-16 [Finished]	14570
