vas-3BBdmNcvTr4	va-senate-floor	full_board	1	2026-06-29	8643	yt-dlp	youtube	https://www.youtube.com/watch?v=3BBdmNcvTr4	https://www.youtube.com/watch?v=3BBdmNcvTr4	vas-3BBdmNcvTr4	Senate of Virginia Floor Session Jun 29, 2026
vas-RNHQtfvCdyM	va-senate-floor	full_board	1	2026-06-22	12226	yt-dlp	youtube	https://www.youtube.com/watch?v=RNHQtfvCdyM	https://www.youtube.com/watch?v=RNHQtfvCdyM	vas-RNHQtfvCdyM	Senate of Virginia Floor Session Jun 22, 2026
vas-6aeDRSb8PBU	va-senate-floor	full_board	1	2026-04-23	10194	yt-dlp	youtube	https://www.youtube.com/watch?v=6aeDRSb8PBU	https://www.youtube.com/watch?v=6aeDRSb8PBU	vas-6aeDRSb8PBU	Senate of Virginia Floor Session Apr 23, 2026
vas-11SmMBeO1C4	va-senate-floor	full_board	1	2026-04-22	22443	yt-dlp	youtube	https://www.youtube.com/watch?v=11SmMBeO1C4	https://www.youtube.com/watch?v=11SmMBeO1C4	vas-11SmMBeO1C4	Senate of Virginia Floor Session Apr 22, 2026
vas-0i8a8NEEpjI	va-senate-floor	full_board	1	2026-03-14	28844	yt-dlp	youtube	https://www.youtube.com/watch?v=0i8a8NEEpjI	https://www.youtube.com/watch?v=0i8a8NEEpjI	vas-0i8a8NEEpjI	Senate of Virginia Floor Session Mar 14, 2026
vas-EMRTTZn9-co	va-senate-floor	full_board	1	2026-03-13	35322	yt-dlp	youtube	https://www.youtube.com/watch?v=EMRTTZn9-co	https://www.youtube.com/watch?v=EMRTTZn9-co	vas-EMRTTZn9-co	Senate of Virginia Floor Session Mar 13, 2026
vas-Qgzkygfi7WY	va-senate-floor	full_board	1	2026-03-12	27975	yt-dlp	youtube	https://www.youtube.com/watch?v=Qgzkygfi7WY	https://www.youtube.com/watch?v=Qgzkygfi7WY	vas-Qgzkygfi7WY	Senate of Virginia Floor Session Mar 12, 2026
vas-444OI1csMec	va-senate-floor	full_board	1	2026-03-11	22654	yt-dlp	youtube	https://www.youtube.com/watch?v=444OI1csMec	https://www.youtube.com/watch?v=444OI1csMec	vas-444OI1csMec	Senate of Virginia Floor Session Mar 11, 2026
vas-JYu9VvuEXPU	va-senate-floor	full_board	1	2026-03-10	28324	yt-dlp	youtube	https://www.youtube.com/watch?v=JYu9VvuEXPU	https://www.youtube.com/watch?v=JYu9VvuEXPU	vas-JYu9VvuEXPU	Senate of Virginia Floor Session Mar 10, 2026
vas-WsNBDSYfSI0	va-senate-floor	full_board	1	2026-03-09	11322	yt-dlp	youtube	https://www.youtube.com/watch?v=WsNBDSYfSI0	https://www.youtube.com/watch?v=WsNBDSYfSI0	vas-WsNBDSYfSI0	Senate of Virginia Floor Session Mar 9, 2026
vas-gzI9g80FQ8w	va-senate-floor	full_board	1	2026-03-06	7915	yt-dlp	youtube	https://www.youtube.com/watch?v=gzI9g80FQ8w	https://www.youtube.com/watch?v=gzI9g80FQ8w	vas-gzI9g80FQ8w	Senate of Virginia Floor Session Mar 6, 2026
vas-iFWYKBmsbpA	va-senate-floor	full_board	1	2026-03-05	18770	yt-dlp	youtube	https://www.youtube.com/watch?v=iFWYKBmsbpA	https://www.youtube.com/watch?v=iFWYKBmsbpA	vas-iFWYKBmsbpA	Senate of Virginia Floor Session Mar 5, 2026
vas-P7TrTswl1eE	va-senate-floor	full_board	1	2026-03-04	25993	yt-dlp	youtube	https://www.youtube.com/watch?v=P7TrTswl1eE	https://www.youtube.com/watch?v=P7TrTswl1eE	vas-P7TrTswl1eE	Senate of Virginia Floor Session Mar 4, 2026
vas-mg2JCdok9-U	va-senate-floor	full_board	1	2026-03-03	9382	yt-dlp	youtube	https://www.youtube.com/watch?v=mg2JCdok9-U	https://www.youtube.com/watch?v=mg2JCdok9-U	vas-mg2JCdok9-U	Senate of Virginia Floor Session Mar 3, 2026
vas-ajVVVk_q82k	va-senate-floor	full_board	1	2026-03-02	11231	yt-dlp	youtube	https://www.youtube.com/watch?v=ajVVVk_q82k	https://www.youtube.com/watch?v=ajVVVk_q82k	vas-ajVVVk_q82k	Senate of Virginia Floor Session Mar 2, 2026
vas-PecKlzGOPWA	va-senate-floor	full_board	1	2026-02-27	14673	yt-dlp	youtube	https://www.youtube.com/watch?v=PecKlzGOPWA	https://www.youtube.com/watch?v=PecKlzGOPWA	vas-PecKlzGOPWA	Senate of Virginia Floor Session Feb 27, 2026
vas-Mm--Ado_axs	va-senate-floor	full_board	1	2026-02-26	19875	yt-dlp	youtube	https://www.youtube.com/watch?v=Mm--Ado_axs	https://www.youtube.com/watch?v=Mm--Ado_axs	vas-Mm--Ado_axs	Senate of Virginia Floor Session Feb 26, 2026
vas-rH2bPF77jw8	va-senate-floor	full_board	1	2026-02-25	6359	yt-dlp	youtube	https://www.youtube.com/watch?v=rH2bPF77jw8	https://www.youtube.com/watch?v=rH2bPF77jw8	vas-rH2bPF77jw8	Senate of Virginia Floor Session Feb 25, 2026
vas-Rg9Vfdt4I7I	va-senate-floor	full_board	1	2026-02-24	7055	yt-dlp	youtube	https://www.youtube.com/watch?v=Rg9Vfdt4I7I	https://www.youtube.com/watch?v=Rg9Vfdt4I7I	vas-Rg9Vfdt4I7I	Senate of Virginia Floor Session Feb 24, 2026
vas-rGxFJmgyyV4	va-senate-floor	full_board	1	2026-02-23	7310	yt-dlp	youtube	https://www.youtube.com/watch?v=rGxFJmgyyV4	https://www.youtube.com/watch?v=rGxFJmgyyV4	vas-rGxFJmgyyV4	Senate of Virginia Floor Session Feb 23, 2026
vas-wCqajSBP2lM	va-senate-floor	full_board	1	2026-02-20	7857	yt-dlp	youtube	https://www.youtube.com/watch?v=wCqajSBP2lM	https://www.youtube.com/watch?v=wCqajSBP2lM	vas-wCqajSBP2lM	Senate of Virginia Floor Session Feb 20, 2026
vas-SQAbeKN_cvc	va-senate-floor	full_board	1	2026-02-19	11240	yt-dlp	youtube	https://www.youtube.com/watch?v=SQAbeKN_cvc	https://www.youtube.com/watch?v=SQAbeKN_cvc	vas-SQAbeKN_cvc	Senate of Virginia Floor Session Feb 19, 2026
vas-5c2zvNDqrOE	va-senate-floor	full_board	1	2026-02-18	8846	yt-dlp	youtube	https://www.youtube.com/watch?v=5c2zvNDqrOE	https://www.youtube.com/watch?v=5c2zvNDqrOE	vas-5c2zvNDqrOE	Senate of Virginia Floor Session Feb 18, 2026
vas-wGlJv48_tc0	va-senate-floor	full_board	1	2026-02-17	18466	yt-dlp	youtube	https://www.youtube.com/watch?v=wGlJv48_tc0	https://www.youtube.com/watch?v=wGlJv48_tc0	vas-wGlJv48_tc0	Senate of Virginia Floor Session Feb 17, 2026
vas-j7QY2W3_5PA	va-senate-floor	full_board	1	2026-02-16	27530	yt-dlp	youtube	https://www.youtube.com/watch?v=j7QY2W3_5PA	https://www.youtube.com/watch?v=j7QY2W3_5PA	vas-j7QY2W3_5PA	Senate of Virginia Floor Session Feb 16, 2026
vas-mE-0QVidhYg	va-senate-floor	full_board	1	2026-02-13	13646	yt-dlp	youtube	https://www.youtube.com/watch?v=mE-0QVidhYg	https://www.youtube.com/watch?v=mE-0QVidhYg	vas-mE-0QVidhYg	Senate of Virginia Floor Session Feb 13, 2026
vas-Ee4YitR07FY	va-senate-floor	full_board	1	2026-02-12	9720	yt-dlp	youtube	https://www.youtube.com/watch?v=Ee4YitR07FY	https://www.youtube.com/watch?v=Ee4YitR07FY	vas-Ee4YitR07FY	Senate of Virginia Floor Session Feb 12, 2026
vas-JlOlgIKcJGc	va-senate-floor	full_board	1	2026-02-11	23024	yt-dlp	youtube	https://www.youtube.com/watch?v=JlOlgIKcJGc	https://www.youtube.com/watch?v=JlOlgIKcJGc	vas-JlOlgIKcJGc	Senate of Virginia Floor Session Feb 11, 2026
vas-Gn1wwtOU6Zg	va-senate-floor	full_board	1	2026-02-10	4930	yt-dlp	youtube	https://www.youtube.com/watch?v=Gn1wwtOU6Zg	https://www.youtube.com/watch?v=Gn1wwtOU6Zg	vas-Gn1wwtOU6Zg	Senate of Virginia Floor Session Feb 10, 2026
vas-Ft9PWZd2rm8	va-senate-floor	full_board	1	2026-02-10	8204	yt-dlp	youtube	https://www.youtube.com/watch?v=Ft9PWZd2rm8	https://www.youtube.com/watch?v=Ft9PWZd2rm8	vas-Ft9PWZd2rm8	Senate of Virginia Floor Session Feb 10, 2026
vas-C0gpB9L6wf0	va-senate-floor	full_board	1	2026-02-10	4926	yt-dlp	youtube	https://www.youtube.com/watch?v=C0gpB9L6wf0	https://www.youtube.com/watch?v=C0gpB9L6wf0	vas-C0gpB9L6wf0	Senate of Virginia Floor Session Feb 10, 2026
vas-hNYjTn9Jgy0	va-senate-floor	full_board	1	2026-02-09	15966	yt-dlp	youtube	https://www.youtube.com/watch?v=hNYjTn9Jgy0	https://www.youtube.com/watch?v=hNYjTn9Jgy0	vas-hNYjTn9Jgy0	Senate of Virginia Floor Session Feb 9, 2026
vas-iszW73od1WQ	va-senate-floor	full_board	1	2026-02-06	10605	yt-dlp	youtube	https://www.youtube.com/watch?v=iszW73od1WQ	https://www.youtube.com/watch?v=iszW73od1WQ	vas-iszW73od1WQ	Senate of Virginia Floor Session Feb 6, 2026
vas-k08kyGDRQHA	va-senate-floor	full_board	1	2026-02-05	10361	yt-dlp	youtube	https://www.youtube.com/watch?v=k08kyGDRQHA	https://www.youtube.com/watch?v=k08kyGDRQHA	vas-k08kyGDRQHA	Senate of Virginia Floor Session Feb 5, 2026
vas-fSH4xvs2SJs	va-senate-floor	full_board	1	2026-02-04	7092	yt-dlp	youtube	https://www.youtube.com/watch?v=fSH4xvs2SJs	https://www.youtube.com/watch?v=fSH4xvs2SJs	vas-fSH4xvs2SJs	Senate of Virginia Floor Session Feb 4, 2026
vas-i5qTBVjP8JM	va-senate-floor	full_board	1	2026-02-03	10607	yt-dlp	youtube	https://www.youtube.com/watch?v=i5qTBVjP8JM	https://www.youtube.com/watch?v=i5qTBVjP8JM	vas-i5qTBVjP8JM	Senate of Virginia Floor Session Feb 3, 2026
vas-QDaCHsiawek	va-senate-floor	full_board	1	2026-02-02	7765	yt-dlp	youtube	https://www.youtube.com/watch?v=QDaCHsiawek	https://www.youtube.com/watch?v=QDaCHsiawek	vas-QDaCHsiawek	Senate of Virginia Floor Session Feb 2, 2026
vas-FaZbuFkI5m0	va-senate-floor	full_board	1	2026-01-30	7650	yt-dlp	youtube	https://www.youtube.com/watch?v=FaZbuFkI5m0	https://www.youtube.com/watch?v=FaZbuFkI5m0	vas-FaZbuFkI5m0	Senate of Virginia Floor Session Jan 30, 2026
vas-WcJL-8-DhSY	va-senate-floor	full_board	1	2026-01-29	14058	yt-dlp	youtube	https://www.youtube.com/watch?v=WcJL-8-DhSY	https://www.youtube.com/watch?v=WcJL-8-DhSY	vas-WcJL-8-DhSY	Senate of Virginia Floor Session Jan 29, 2026
vas-nFlTtp9JI3w	va-senate-floor	full_board	1	2026-01-28	4728	yt-dlp	youtube	https://www.youtube.com/watch?v=nFlTtp9JI3w	https://www.youtube.com/watch?v=nFlTtp9JI3w	vas-nFlTtp9JI3w	Senate of Virginia Floor Session Jan 28, 2026
vas-HkUtM50hHL8	va-senate-floor	full_board	1	2026-01-27	10349	yt-dlp	youtube	https://www.youtube.com/watch?v=HkUtM50hHL8	https://www.youtube.com/watch?v=HkUtM50hHL8	vas-HkUtM50hHL8	Senate of Virginia Floor Session Jan 27, 2026
vas-X7VsF7zLkBA	va-senate-floor	full_board	1	2026-01-26	5301	yt-dlp	youtube	https://www.youtube.com/watch?v=X7VsF7zLkBA	https://www.youtube.com/watch?v=X7VsF7zLkBA	vas-X7VsF7zLkBA	Senate of Virginia Floor Session Jan 26, 2026
vas-pmzth3-H23I	va-senate-floor	full_board	1	2026-01-23	4018	yt-dlp	youtube	https://www.youtube.com/watch?v=pmzth3-H23I	https://www.youtube.com/watch?v=pmzth3-H23I	vas-pmzth3-H23I	Senate of Virginia Floor Session Jan 23, 2026
vas-s0xBNA4TSg4	va-senate-floor	full_board	1	2026-01-22	5977	yt-dlp	youtube	https://www.youtube.com/watch?v=s0xBNA4TSg4	https://www.youtube.com/watch?v=s0xBNA4TSg4	vas-s0xBNA4TSg4	Senate of Virginia Floor Session Jan 22, 2026
vas-NyFUfFs-1GQ	va-senate-floor	full_board	1	2026-01-21	8339	yt-dlp	youtube	https://www.youtube.com/watch?v=NyFUfFs-1GQ	https://www.youtube.com/watch?v=NyFUfFs-1GQ	vas-NyFUfFs-1GQ	Senate of Virginia Floor Session Jan 21, 2026
vas-qS37nE3M2W0	va-senate-floor	full_board	1	2026-01-20	3920	yt-dlp	youtube	https://www.youtube.com/watch?v=qS37nE3M2W0	https://www.youtube.com/watch?v=qS37nE3M2W0	vas-qS37nE3M2W0	Senate of Virginia Floor Session Jan 20, 2026
vas-TtUrVOw8uVA	va-senate-floor	full_board	1	2026-01-19	21035	yt-dlp	youtube	https://www.youtube.com/watch?v=TtUrVOw8uVA	https://www.youtube.com/watch?v=TtUrVOw8uVA	vas-TtUrVOw8uVA	Senate of Virginia Floor Session Jan 19, 2026
vas-0jOFTqROTiw	va-senate-floor	full_board	1	2026-01-17	5992	yt-dlp	youtube	https://www.youtube.com/watch?v=0jOFTqROTiw	https://www.youtube.com/watch?v=0jOFTqROTiw	vas-0jOFTqROTiw	Senate of Virginia Floor Session Jan 17, 2026
vas-whv7tqQEBSI	va-senate-floor	full_board	1	2026-01-16	14570	yt-dlp	youtube	https://www.youtube.com/watch?v=whv7tqQEBSI	https://www.youtube.com/watch?v=whv7tqQEBSI	vas-whv7tqQEBSI	Senate of Virginia Floor Session Jan 16, 2026
vas-E9amc59j_9k	va-senate-floor	full_board	1	2026-01-15	8428	yt-dlp	youtube	https://www.youtube.com/watch?v=E9amc59j_9k	https://www.youtube.com/watch?v=E9amc59j_9k	vas-E9amc59j_9k	Senate of Virginia Floor Session Jan 15, 2026
vas-27tbaTagZQU	va-senate-floor	full_board	1	2026-01-14	31496	yt-dlp	youtube	https://www.youtube.com/watch?v=27tbaTagZQU	https://www.youtube.com/watch?v=27tbaTagZQU	vas-27tbaTagZQU	Senate of Virginia Floor Session Jan 14, 2026
